id,name,label,pagerank
df45c768,harvard.edu,17179869184,2.1555656934306584
7faa51fb,brown.edu,240518168576,2.1555656934306584
