id,name,label,pagerank
4d45a5fa,birds.cornell.edu,0,2.448722627737228
4e71c540,nyu.edu,455266533376,2.448722627737228
e12d66fb,fas.harvard.edu,335007449088,2.448722627737228
e96cd870,cyber.law.harvard.edu,352187318273,2.448722627737228
